id,name,last_message
777000,Telegram,2026-05-22T10:33:28+00:00
1071714723,Алексей Галичкин,2026-05-22T10:14:04+00:00
1523470106,Сергей Гукайло,2026-05-22T10:10:44+00:00
7620918018,Михаил Дмитриевич Петроченко,2026-05-22T10:08:41+00:00
516283938,Павел Куптер,2026-05-22T08:47:30+00:00
389564452,Полина Поленина,2026-05-22T08:27:11+00:00
1496768640,Евгений//Склад,2026-05-22T07:43:51+00:00
39929347,Александр Шаюд,2026-05-22T06:16:01+00:00
200521298,Олег Маркович Бройдо,2026-05-21T13:30:13+00:00
6894741030,Дмитрий,2026-05-21T12:50:33+00:00
124435179,Мурад Жаймагамбетов,2026-05-21T11:07:34+00:00
445637335,Илья Никифоров,2026-05-21T11:04:14+00:00
5214424633,Алена Камынина,2026-05-21T11:00:55+00:00
1919151663,Юлия,2026-05-21T10:55:54+00:00
