id,name
777000,Telegram
615472890,Инна Ведмидская
967271328,Людмила Анатольевна Фалькова
516283938,Павел Куптер
143942157,Дарья Игоревна Фалькова
92479577,Роман Кравцов
5214424633,Алена Камынина
124435179,Мурад Жаймагамбетов
636002954,Роман Степанов ИБС
728925374,Макс Горелов
1679890,Евгений Чижов
232271311,Павел Борисович Водопшин
1919151663,Юлия
39929347,Александр Шаюд
441191806,Арман Варужанович Антонян
791073328,Руслан Литвинов
200521298,Олег Маркович Бройдо
1071714723,Алексей Галичкин
667627879,Сергей Проскурин
1523470106,Сергей Гукайло
549314087,Анатолий Берман
447542132,Юрий Каркаваниди
7921424435,Лёша и Леля
175808283,Алексей Ефремов
396232046,Igor Falkov
379319126,Александр Захарченко
7406852403,Diana Gryaznova
319520819,Владимир Арсеничкин
1354126325,Pete Kin
620094984,Natalia
1162354053,Павел Валерьевич Ковригин
389564452,Полина Поленина
1008817485,Валерий Авдонин
8158058918,Светлана Владимировна
707738051,Антон Григорьевич Кузнецов
6324967824,Анна // Бухгалтерия
1785511688,Анна Савицкая
45322498,Александр Юревич
445637335,Илья Никифоров
669558054,"Болек, который не Лелек"
149333770,Владимир Каширин
759864057,Павел Жуков
364957010,Виталий Разживин
5798092685,Дима Чех
1478583023,Ольга Борисовна Махоня
6881452442,Служба заботы Лаборатории Карьеры
5802378237,Elena CeramaMama
561946502,Ольга Юрьевна Водолазская
8056408617,Екатерина
1496768640,Евгений//Склад
366404727,Сергей Уляшкин
6894741030,Дмитрий
6765765145,Mi
5541776525,WIM WIM
330038342,Галя Иванова ===
998213907,Дмитрий Божко
7841034127,GETLENS
2070757403,Наталья/бух
408967422,Nikolay Ivanenko
506719770,Александр Нарышкин
261466999,Дмитрий Калмыков
186896656,Дмитрий Грачев
346575421,Илья Назаров
167904743,Руслан Хакимов
867259655,Максим Коробцов
1274921352,Андрей Алексеевич Лапочкин
616037480,Евгений
1121760738,Сергей Гафнер
1504118607,Анютик
5268459729,Ольга Фалькова
7731690562,Любовь Сиднева
7060644533,Татьяна Сиднева
1040828814,Армен Араратович Гзогян
966416285,Сергей Михайлович Грошев
292669758,Никита Беленко
1523492979,Алексей
416669623,Алексей Шишкин
730429384,Олег Кузьмин
5196194870,Владимир
295134359,Евгений Пугин
5556101765,Сергей Сиднев
8350801567,Камень
362361253,Руслан Радикович Мухаметзянлв
873031033,Авдонин Владимир
1797578208,Светка Рыбалкина
267190808,Андрей Терентьев
919902684,Тимур
920077418,Садрутдинов Тимур
1123252277,Олья Сабыбина
88097084,Игорь Шеховцов
5197364392,Андрей ТЭСА
1716104806,Данил Лукас
600669989,Иван Прокат
286429069,Алексей
6033683751,Екатерина
5210354253,Вадим Хворост
551109152,Андрей Курсевич
1714835755,Михаил Мраморов
292295128,Миша Борисов
8342228100,Сергей Принтцентр
513171144,Кристина Панкратова
625927247,Михаил ОТСК
428248385,Дмитрий Коган
660206594,Александр
2125381123,Ирина
1272569662,Дмитрий Лихачев
194566269,Дмитрий Кузнецов
854858079,Натахв
7589514839,Юлия Николаевна Иванова
678404605,Владимир Сварковский
232854485,Анатолий Берман
6167984588,Mikhail Iudovich
665828642,Инна Фатеева
5551523706,Екатерина Векшина
482661511,Дмитрий Бизнес-связь
418064247,L
1014304090,Юрий Звягин
633428706,
1872661453,Сергей Ю
185388235,Анна Пушкарева
737998723,Елена Гриднева
161410281,Anton Kobak
7664064030,
706383602,Александр Ложкин
524429069,Александр Николаевич Медведев
384828026,Евгений Селянин
912507923,Артем Савищенко
164558854,Андрей Владимирович Симонов
436178954,Асель Туретаева
235071236,Денис Андреевич Аргунов
553621042,Виктор Юрьевич Ковалев
421225094,Никита Бурбо
333288288,Valentin Paramonov
5999600780,CS Кирилл Плотников
76952042,Sergey Mefedov
1346281947,Анастасия Мартынова
451683730,Макс М
5276919944,Наталья Христолюбова
281071472,Denis Shitov
667857894,Игорь Юрьевич Фальков
465254786,Сергей Вячеславович Никитин
305668857,Лена Зюбенко
54863478,Mikhail
5206519915,Дмитрий Проджект
144877346,Alexey Naumov
352817450,Альберт Корякин
277795339,Варвара Фролова
8116718068,
395710343,Георгий Тимофеев
252000513,Denis Next service
1086430217,WB
1011567279,Витасик
986182874,Алексей Александрович Крутских
5748325066,Бухгалтерия Надежда
6427870841,
892215248,Слава Луговцев
5955496470,Сергей Шрейдер
249972830,Александр сирота
1512020830,
352408333,Павел Окороков
764097412,Сергей Абиев
988400534,Андрей Алексеевич Малинин
206719362,Михаил Беляев
7810291320,Николай Павлович Кедровый
366405272,Сергей Горюнов
827665983,Артем
5975263653,Иван Геннадьевич Стародубцев
7956929137,Слава Семашко
7840507799,Вадим Чернышков
7867101109,Сергей Егоров
314192743,Nick
7274808161,Лена Наше Всё
7727308445,Юрий Степанович
7881516413,Дмитрий Барьерка ДСУ
7533559586,Дмитрий Константинов
652629925,Константин Стрельников
5073298360,Регион Фото
1023122062,Павел МСЕ
327874594,Дмитрий Бутин
7462753250,Алексей Сафьяненко
7746700623,Сергей Петрович Гильденьранд
7712565793,Володя
5675772981,печать
5140223745,Максим Коробцов
6070670195,Сереня марийск
146005782,Руфат МСЕ
437328659,Сергей Недельский
169796761,Андрей Федотов
401118874,Ольга Козулина
178566399,Евгений Заруднев
322852792,Антон_от_Пармонова
819492462,Никита Леонтьев
200905875,Artem Nozdrin
305183900,Роман Черкасов
951589603,Иван Беляев
902334662,Роман Игнатенко
7213592686,Александр Макаров
287988809,Андрей
430757610,Alexei Zlobin
1574998691,Евгений Игоревич Остроумов
432265130,Светлана Каркаваниди
313423395,Фёдор Финошкин
1472751108,Алиса Быкова
7219371370,Роман Цепелев
1068225120,распечатка Барнаул
1049006364,Александр Склад Омск
7524091462,Наталья Коренева
1632550576,Андрей Леонидович Лупашко
7439960579,Валерий Иванович Дорожник
405333239,Roman Vědmidský
85969219,Anton Nesterov
290810967,Валерий Константинович Федоров
1656556703,Сергей Серов
408049240,Vladimir
228363350,Yasha
7398933366,Robert Ross
96792865,Александр Нарбутовских
794555838,Егор Пухов
6373691800,Лев Станиславович Гуревич
6599193274,
7135801953,Олег Пугачев
6858064203,
5414321995,Нск Печать
7312524018,
5507015656,ОЛЬВИЯ Тех.сопровождение
2041699047,Владимир Омск КФВФ
428446574,sunrise76
662143740,Антон Ведерин
562794707,Андрей Боков
5650673414,Жемчужина Морей
456525601,Макс Склад ЛЦЗ
435042784,Nikita
462243419,Виталий Адамсон
285249896,Алексей Понкратов
135843505,Владимир Яворский
7024693945,Вадим Витальевич Шестеренкин
7070849918,Охрана Витамин
403111260,Valentin Mineev
272069056,Евгения Квон
7163735018,Марина
6937679251,Олег
385642596,Kilikia
5920692553,Василий Самарин
351754587,Сергей Жмыхов
571723409,Alex Melchakov
1375534015,Лёня Миллер
6756304853,Серёга Жилкин
761096924,Елена Матвеева
6985894774,Даймонд Моторс
956924713,Тимур Ижевск
793611212,Владимир Бандурин
1715474691,Жанна Борисовна Петрова
394378152,Сергей Неумывакин
355790312,Андрей Лисовский
496755084,Юлия
241393590,Анастасия Бухгалтерия
544632461,Анастасия Беликова
1934336799,Юра Шерр
5442624980,
418090241,Сергей Тильгеров
188156804,Павел Борисович Труфанов
738983877,Антон Улеватый
631760499,Paul
544174913,Дмитрий Савиткин
6742817424,Женя Куйдин
836317178,Дмитрий Кондрашов
305671181,Анатолий Кузьмин
426461694,Max
641736203,Anna Chi
444450103,Александр Графков
6383688768,Андрей Марцынкевич
1245680536,Плк
350002041,Юрий Киященко
34066964,
5710225173,
1193136825,Алексей Анатольевич Авдюнин
6641525644,Алена Барамыкина
349280054,Андрей Полевой
358292945,Юрий Родигин
1793829199,Першин Александр
6462166976,
489808815,Максим Хижняк
306403949,Mikhail Tcernyakhovskiy
5732804754,
827565852,Alexander
6552090716,Александр Александрович Прудников
785332635,Елена Сиднева
853287362,PN1 shop
981182468,༒𝓢𝓲𝓻𝓪༒
5613527691,
472103061,Arthur Kushner
6039044560,Виктор Горячев
1323707389,Петр Евгеньевич Тихвинский
659173499,Казарь телематика
739458986,Александр Басалаев
242611317,
1440168436,Алексей Богатов
6133699855,Владимир Шиманов
218923521,Роман Золотухин
480529580,Константин Сидоренко
526817247,Дмитрий ВН
5943570202,
712147360,Vladimir Arteev
69727021,
1461968973,Хамзин Марат
6020138197,
6216207379,Виктор Васильевич Бородин
412761176,Dmitry Fedyukhin
576504257,Алексей М Кочеров
471664202,Ярослав Олегович Жупанский
629262103,Роман Владимиров
5862561837,
6097301591,Анатолий Николаевич Дегтерев
6108068600,Квартира Diamond City
2037576196,Алексей Элрос
5633009043,Виктор Горячев
1565890917,Павел Либерман
1749141065,Олег Владимирович Табунщик
5931446852,Светлана Гринь
555477242,Камиль Дустарханович Шамсудинов
520915534,Алексей Инсаркин
540146832,Максим Владимиров
522254068,Виктория Чистопрудова
5760545148,Александр Владимирович Белобородов
5454269570,Вагиф Сабирович Диярханов
5527721678,Дмитрий Киров
5591477331,Константин Геннадьевич Горюнов
5987414843,Андрей Алексеевич Чекалин
253309153,Мария Жалбэ
5639136004,
1095934749,Владимир Владимирович Ульянов
5899259115,Александр Анатольевич Сенокосов
615049061,Никита Макаров
551554261,
243114567,Ruslan
5215226359,Владимир Гннадьевич Мухин
5584584384,Рустам Семенов/билайн
451876617,Егор Петрович Горюнов Тех Поддержка СВК Тензо М
5716638744,Сергей Николаевич Сорокин
5607703478,
5727201077,Константин Александрович Носков
5315581480,
5007510193,Sergej Sergej
5357382743,
366736878,Evgeniy Spiridonov
5707594899,Альбина Викторовна
50294988,Jovany Löwen
534108681,Виктор Пегарьков
303659683,Фёдоров Николай
435954325,Алексей Давыдов
310044554,Олег Ботов
5602006361,Андрей Петрович Шлыков
5572283779,Александр Рубцов
681757912,Andrey
5453420152,Василий Анатольевич Бежовец
741448745,Александр Лобов
394063028,Nik Sid
407964309,Dori
1001246231,Иван Зленко
5632629505,Александр Нарбутовских
1726469792,
314426416,Sergh Alekseev
293507934,Sergey Ukhov
108885197,Anastasia
5546841559,Сергей Чухин
935302565,Юля Сергеевна Веревкина
2107497521,Анна Павлова
54930571,Дмитрий Колёнов
5532970380,
5585845612,Дарья Рафисовна Голушко
5513804782,
5563119307,Владимир Владимирович Муркин
5344120462,
5561464401,Валерий Александрович Антонов
1981147794,
375285968,Денис Науменко
661075499,Роман К
491796008,Алексей Дорохов
5532984878,Вячеслав Витальевич Чернышов
5403390134,Арман Антонян
5479686437,
5530116640,Роман Никитин
315824759,Антон Буров
5359983917,
5516431052,
5549174715,Светлана Савинова
714664785,Мурад
462303736,Ренат Дустарханович Шамсудинов
865613062,Иван Саченко
550854989,Артём Залевский
541519986,Павел Николаеич Сычев
721934990,
5348343866,Вадим Михайлович Рыбак
5387305088,Иван Кушко
148922977,Сергей
44526465,Глеб Викторович Ступин
5348174043,Павел Кияшевский
130970113,Aleksandr Barsukov
5152588710,Элина Рыба
5143529115,
5224948797,Владимир Репин
5277217164,Роман Николаевич Редько
5204792023,
5282278335,
5043501727,Андрей Ерошевсеий
5287642325,Константин Борисович Душин
5215458066,Миша Шром
5237231842,
5202767917,Александр Кузьмин
5176015885,Антон Гилев
5254913132,Наталья Широких
5051320063,Алексей Викторович Красавин
5143262425,Марина Честер
5019234671,Татьяна Ходаковская
5151031007,
5141133725,Виктор Сергеевич Ильин
5160035128,
762011692,Елена Папулова
5256729846,Зоя Фёдоровна Атласова
1370549749,Алексей Неклеса
1740194606,Дмитрий
413151329,Ольга Баньковская
1543525705,Дмитрий Павлович Ильюшевич
590384317,Сергей Петров
665660099,Ольга Каширских
5039639206,Александр Игоревич Бадуев
1910293315,Алексей Мокеев
69096474,Ольга Боброва
345892149,
1252442745,Сергей Панков
101894709,Алексей Михайлович Воробьёв
825569356,
290546029,Александр Пономарев
1234265390,Дамир Исаев
197180454,Иван Шиманов
5059454242,Евгений Бычков
106779246,Павел Монтаж ФВФ
5027656497,Баир Бургеоцентр
170012548,Владимир Лопатин
2024948359,Виктор Погарский
836947610,Иван Дворников
2062523817,Максим Федосов
525159193,Екатерина Алексеева
2026512872,Ольга Газизова
2016741727,Павел Белоусов
2094878897,Макс Костеренко
955217161,Ирина Игнатенко
1433423180,Andrey
2070813042,Сергей Константинович Ниловский
2080464439,
1981999837,Валерий Валентинович Марамзин
1931613915,
880679345,Олег Васильеа
446309571,Павел Овчинников
343744227,Сергей Жуков
386780939,Виктор Щемелев
1925102756,Сергей Степанович Макушев
1935006566,Татьяна Шапошникова
741712239,Галина Максовна
1939199391,Варвара Фролова
1286363720,Светлана Никепелова
483700549,Анастасия Цветкова
1931905999,
429985208,Капустин Владимир
1019579664,Stacy
1864978456,
1886919685,Олег Шарахоо
741025241,
127521188,
273092281,Сергей Викторович Осадчий
672529736,Nick M
1121758544,
185290802,Andrey Sheremetov
1644097083,Марина Самохвалова
72295111,Dmitriy Degtyarev
979294833,
367362172,Aleksandr
463073230,Дмитрий Максимов
127347979,Владислав Бахин
471793597,Евгений Заяц
1851868969,Максим Михайлович Смолянюк
1272587627,Стас
436166691,Олег Огородник
495422759,Александра Цыбина
560420850,Юрий Егоров
292723039,Станислав Елисеев
1796795541,Лариса Авдеева
719252215,Мария Мурар
628041860,Екатерина Егорова
1798941897,
591682305,Юрий Перов
964911402,Мария Гусарова
393916023,Никита Каширин
314545313,Вячеслав Игоревич Смирнов
255259898,Денис Пыжов
853482868,
821926316,Андрей Moskvin
1634024791,Сергей Соколенко
1797925790,Слава Луговцев
659713363,Аубекир Автодор
1728720380,Виктория Чистопрудова
1669857023,Дмитрий Ткачук
489637740,Руслан Агаев
1052233667,Нина
988614769,Мурик
413388722,Виктор
1647374666,Роман Васильев
1677193945,Игорь Пермяков
1520309580,Ти Доктор
1624106213,Владимир Михайлович Солодовник
1459530834,Рустам Халитов
306842611,Костя
1548683832,Алексей Олегович Терентьев
1533618711,Алексей Лазарев
1587133380,Илья Ким
1526724183,Анатолий
317337426,Тимур Урусов
1500276816,Андрей Титаренко
321861992,Самат
1412589397,Владимир Малышев
1469040233,Александр Матвеевич Мирочник
970846549,Сергей Кузуб
1490699505,
1473092456,Александр Касьяненко
1393989459,Бурнаш (ИВАН) Баанньа
1480007873,
1428943893,Елена
995421385,Иван Геодезия
930686215,Игорь Андреев
1465744207,Виктория
1441272348,Вадим Сизик
1412296666,Кирилл Борисов
426828820,
1111615357,Сергей Алексеевич Лебедев
472822725,Юсуф Аблусаламов
1365046021,Ковригин
161665075,kmm
1323529149,Сергей Соломинский
558848558,Иван Тигрис
1085703615,Сергей Татаринцев
795138365,
1110788534,Вадим
1309340974,Владимир Игоревич Близнюк Электромонтаж СПб
1302922947,Людмила Яковлева
1206542188,Екатерина Нестерова
1269708630,Елена Ватуля
464979463,Валерия Коротаева
1034843365,
803791622,Данила
1138675024,Михаил Аристов
1272080601,Елена Бургеоцентр
1009249354,Елена Старинских
1286457412,Владимир Шейко
1027478449,Евгений
1331818010,
1048119559,Александр
1319547704,Иван Кушко
248631624,Александр Ремонт Макбука
1311030446,Сергей Владимирович Савельев
1338068628,Ресо Елена Сергеевна
1354479597,Александр Николаевич Катьянов
1109169005,Татьяна Евгеньевна Глушкова
1262388715,Радий Хабибулин
1112899734,Сергей Санников
1382321843,Юрий Сизых
341874001,Тигран Григорьян
632656285,Михаил Сергеевич Баичкин
1276852192,Владимир Ильич Литаврин
1018677429,Евгений Александрович Медведев
993569036,Ирина Алиева
1367067638,Алексей Александрович Клочихин
1368589624,Сергей Васильевич Бурцев
1321027915,
1106645546,
1087246881,Володя Коваль
1169998455,Алексеей Иванович Гадеев
192419736,Изабелла Ярмашова
1298097692,Евгений Попов
1103346899,Ольга Реутова
1226995864,Евгений Владимирович Бунин
1273537537,Андрей Васильев
1191818775,Лиза Самойлова
957696204,Ирина
1000045967,
539846970,Владимир Каюров
1015898993,Костя Яковлев
1263582196,Александр Петрович Свердлов
1229572588,Мария Жалбэ
1163363317,Александр Юрьевич
1229147532,Наталья Коренева
1185812238,Миша Добрышкин
1190059220,
1243070961,Дмитрий Заливко
744193353,Дмитрий Сараев
1135545416,Игорь Вячеславович Провоторов
554254114,Ivan
1270238218,Лёня Миллер
1155067979,Аня
1205788327,Алекей Аркуша
1112289426,Рафик Салахутдинов
286005384,Павел
293860566,Dmitry Popov
1194294391,Алексей Князев
941446760,Маргарита Приходько
61624273,Lyubov
712082065,
543974854,Misha
563640802,Лиза Верлова
839899181,Евгений Андреев
824544357,Костян Марков
936058528,Никита Петрович Гусев
1120532399,Сергей Александрович Ильин
982506243,Яков
1082174630,Сергей Константинович Ниловский
457677192,Константин Жалбэ
269848121,Антон Козин
1071437146,Наталья Некрасова
942358093,Карина Фельде
1047729233,Виктор Борисович Мисайлов
1021815399,Андрей Лукин
420648308,Aleksey Gladkikh
401569836,L V
901660147,Сергей Владимирович Силантьев
924531410,Олег Федунов
1016521634,
710621975,Магомед Магомедов
448787986,Александр Сергеевич Гераськов
600715926,Рустам Гервокян
42901043,Ольга Маслова
868707564,I
317389613,эрдем E
92114820,Asia Uzdina
1021648501,Валерий Гараж
1041648469,Кирилл Жабин
522759672,Михаил Чириков
982236009,Полина Ташлыкова
320357915,
106256100,Александр Кичиков
1032863472,
1032330352,Сергей Геннадьевич Мокшин
902046820,Дмитрий Уфимцев Начальник Отдела АСУ
951800193,Алексей Жорниченко
797497088,
709572996,
960364855,
401732872,Елена Андреева
959222456,Александр Исаков
250830330,Митя Чукавин
369906088,Олег Добронравов
367360944,Владимир
736903700,Николай Кривец
827448206,Тарио Илья
920717670,
937624266,Жанна Сиднева
54689327,Татьяна Семенова
819382899,
980994573,Александр Писаренко
867269206,Ира Воропаева
703670169,Александр Андреев
958874760,Михаил Бобровский
853560756,Костя Жуков
287397784,Leonid Medvedev
303716397,Анастасия Павлова
732699282,Леха Столбов
104592806,Коган Евгений
862557828,
867392358,Виктория Викторовна Слободчикова
361865449,Boris21
622191858,Абдул Гиджибалаев
217980044,Юлия Игоревна Григорьева
868731459,
816892836,Виктор Борисов
762790375,Алексей Тараненко
851783023,
735362460,Дмитрий Ефимов
762347976,Павел Владимирович Кочкин
335213786,
254800571,
893661119,
465911910,Тагир Еловичев
807559146,
823818811,Андрей Анатольевич Никонов
775094598,
832102378,Дмитрий Игнатов
779489858,
704893544,
72335954,Kirill
317242226,
860147850,Эльяр Шаблузович Эспендаров
733509963,
225149854,Max Korobtsov
874147130,Grigorii
812194558,Анастасия Порошина
889651077,
888877016,
445001016,
765704658,Катерина Кириллова
673037936,
760651658,
271229766,Алия
639250255,Вадим Евгеньевич Буняк
408472623,
795717349,Олег Соколов
752206684,Павел Юрьевич Каминский
393937317,Марат ЦАФАП
639966030,Сергей Тертичный
776940052,
730972361,
714950317,Гена Рыбкин
393736774,Vladislav 🏎️💨
748101974,Антон Ильюшенков
755140233,
772449162,Евгений Колунов
740948473,
788913300,Александр Вернер
685036279,Янис Новиков
669111283,Владимир Надеин
760980950,Никита Валерьевич Сахотов
471980644,
574045051,
642264564,
124253652,Денис Щапов
336966522,Станислав Крылов
98148997,Vladimir Shabalin
220115375,Татьяна Торгонина
54942340,Анна Петровна Шеина
